timestamp,report_id,filename,label,confidence,size,area_ratio,calories,total_calories_estimate
2026-01-05T09:52:45,c935f68c3b9c4a8cbfd6f810ad1f63c6,images (1).jpg,bread,0.9416,large,1.0,240.0,357.0
2026-01-05T09:52:45,c935f68c3b9c4a8cbfd6f810ad1f63c6,images (1).jpg,egg,0.8852,large,0.398086,117.0,357.0
2026-01-05T10:51:30,fd2d62540ecc46b1a2392832022a3ab6,arroz-con-coco-y-pescado-frito-coconut-rice-and-fried-fish-bnt247LoTk.webp,noodles,0.5772,large,1.0,330.0,570.0
2026-01-05T10:51:30,fd2d62540ecc46b1a2392832022a3ab6,arroz-con-coco-y-pescado-frito-coconut-rice-and-fried-fish-bnt247LoTk.webp,bread,0.6483,large,0.546652,240.0,570.0
2026-01-05T10:51:47,1a7278f34ea7431a970fc1eaa5fa88ee,images.jpg,tofu,0.9631,large,1.0,114.0,114.0
2026-01-05T10:51:50,d5bd11ea85de4091ad0ba934c0a56063,images.jpg,tofu,0.9631,large,1.0,114.0,114.0
2026-01-05T10:52:42,4f7105444ce64feda3035dc55c030f3b,How-To-Cook-Whole-Fish-In-The-Oven-Baked-Roastted-Mahi-Mahi-Recipe-2.jpg,beef,0.6762,large,1.0,375.0,375.0
2026-01-05T17:42:29,bf953040ce004ae4a6f0251ece8e754f,images.webp,noodles,0.8995,large,1.0,330.0,379.5
2026-01-05T17:42:29,bf953040ce004ae4a6f0251ece8e754f,images.webp,shrimp,0.7368,small,0.019211,49.5,379.5
2026-01-05T20:43:33,8c20f647154b48d4b40958a23152b9af,images.webp,noodles,0.8995,large,1.0,330.0,379.5
2026-01-05T20:43:33,8c20f647154b48d4b40958a23152b9af,images.webp,shrimp,0.7368,small,0.019211,49.5,379.5
2026-01-05T20:44:08,b3aee24fa6944f6590fbbb55fdec73de,8401927_Easy-Chicken-and-Stuffing-Bake_Dotdash-Meredith-Food-Studios_4x3-82eb5336b5ef464dbb69bb9e6a15492c.jpg,beef,0.3755,large,1.0,375.0,375.0
2026-01-05T20:44:14,4e682e3728e648c295178ab022f7312d,images.webp,noodles,0.8995,large,1.0,330.0,379.5
2026-01-05T20:44:14,4e682e3728e648c295178ab022f7312d,images.webp,shrimp,0.7368,small,0.019211,49.5,379.5
2026-01-05T20:44:17,9af75ac742e6474ca20c27e78e8b7469,8401927_Easy-Chicken-and-Stuffing-Bake_Dotdash-Meredith-Food-Studios_4x3-82eb5336b5ef464dbb69bb9e6a15492c.jpg,beef,0.3755,large,1.0,375.0,375.0
2026-01-05T20:44:20,9d65f2f38ade4ece9b46f9857a532a7b,8401927_Easy-Chicken-and-Stuffing-Bake_Dotdash-Meredith-Food-Studios_4x3-82eb5336b5ef464dbb69bb9e6a15492c.jpg,rice,0.2844,large,1.0,390.0,765.0
2026-01-05T20:44:20,9d65f2f38ade4ece9b46f9857a532a7b,8401927_Easy-Chicken-and-Stuffing-Bake_Dotdash-Meredith-Food-Studios_4x3-82eb5336b5ef464dbb69bb9e6a15492c.jpg,beef,0.3755,large,0.980953,375.0,765.0
2026-01-05T20:45:29,dca5b56ad14d4d548e6985aa41207f40,images.webp,noodles,0.8995,large,1.0,330.0,379.5
2026-01-05T20:45:29,dca5b56ad14d4d548e6985aa41207f40,images.webp,shrimp,0.7368,small,0.019211,49.5,379.5
2026-01-05T20:57:35,598edab17e534f0ab9a01045f6c0d924,images.webp,noodles,0.8995,large,1.0,330.0,379.5
2026-01-05T20:57:35,598edab17e534f0ab9a01045f6c0d924,images.webp,shrimp,0.7368,small,0.019211,49.5,379.5
2026-01-05T20:57:35,7da484590ca24102bc3831b47e41d7bf,images.webp,noodles,0.8995,large,1.0,330.0,379.5
2026-01-05T20:57:35,7da484590ca24102bc3831b47e41d7bf,images.webp,shrimp,0.7368,small,0.019211,49.5,379.5
2026-01-05T20:57:35,95385e6d10c94554850d666de0ba9a7e,images.webp,noodles,0.8995,large,1.0,330.0,379.5
2026-01-05T20:57:35,95385e6d10c94554850d666de0ba9a7e,images.webp,shrimp,0.7368,small,0.019211,49.5,379.5
2026-01-05T20:57:35,28d4db2d39c547e1821b66bf906f91d8,images.webp,noodles,0.8995,large,1.0,330.0,379.5
2026-01-05T20:57:35,28d4db2d39c547e1821b66bf906f91d8,images.webp,shrimp,0.7368,small,0.019211,49.5,379.5
2026-01-05T20:57:35,5b344fcfebc04d00bc9d5fecb340a424,images.webp,noodles,0.8995,large,1.0,330.0,379.5
2026-01-05T20:57:35,5b344fcfebc04d00bc9d5fecb340a424,images.webp,shrimp,0.7368,small,0.019211,49.5,379.5
2026-01-05T20:57:35,9eb35124a4584385982b6411d9dfc48d,images.webp,noodles,0.8995,large,1.0,330.0,379.5
2026-01-05T20:57:35,9eb35124a4584385982b6411d9dfc48d,images.webp,shrimp,0.7368,small,0.019211,49.5,379.5
2026-01-05T20:57:35,43fee3ac4996427cbc58a1c86480663b,images.webp,noodles,0.8995,large,1.0,330.0,379.5
2026-01-05T20:57:35,43fee3ac4996427cbc58a1c86480663b,images.webp,shrimp,0.7368,small,0.019211,49.5,379.5
2026-01-05T20:57:36,1e6669157dd741b482888718994a5d79,images.webp,noodles,0.8995,large,1.0,330.0,379.5
2026-01-05T20:57:36,1e6669157dd741b482888718994a5d79,images.webp,shrimp,0.7368,small,0.019211,49.5,379.5
2026-01-05T20:57:36,d460d6f4106a41cb812baf5882bd3864,images.webp,noodles,0.8995,large,1.0,330.0,379.5
2026-01-05T20:57:36,d460d6f4106a41cb812baf5882bd3864,images.webp,shrimp,0.7368,small,0.019211,49.5,379.5
2026-01-05T20:57:39,0f2b2eb7df084a689ee5f2a70e5ab5d9,images.webp,noodles,0.8995,large,1.0,330.0,379.5
2026-01-05T20:57:39,0f2b2eb7df084a689ee5f2a70e5ab5d9,images.webp,shrimp,0.7368,small,0.019211,49.5,379.5
2026-01-05T20:57:39,9a07edee155e44e8be96da284ab7f69c,images.webp,noodles,0.8995,large,1.0,330.0,379.5
2026-01-05T20:57:39,9a07edee155e44e8be96da284ab7f69c,images.webp,shrimp,0.7368,small,0.019211,49.5,379.5
2026-01-05T20:57:40,f424022240124088bd301083c3de0061,images.webp,noodles,0.8995,large,1.0,330.0,379.5
2026-01-05T20:57:40,f424022240124088bd301083c3de0061,images.webp,shrimp,0.7368,small,0.019211,49.5,379.5
2026-01-05T20:57:40,369c9d9bca644fd2bdf95053fef1fd58,images.webp,noodles,0.8995,large,1.0,330.0,379.5
2026-01-05T20:57:40,369c9d9bca644fd2bdf95053fef1fd58,images.webp,shrimp,0.7368,small,0.019211,49.5,379.5
2026-01-05T20:57:40,500ea21d552b424f9e3777399d27ad72,images.webp,noodles,0.8995,large,1.0,330.0,379.5
2026-01-05T20:57:40,500ea21d552b424f9e3777399d27ad72,images.webp,shrimp,0.7368,small,0.019211,49.5,379.5
2026-01-05T20:57:40,06180ed6b03a416792e411a0cdbcfba8,images.webp,noodles,0.8995,large,1.0,330.0,379.5
2026-01-05T20:57:40,06180ed6b03a416792e411a0cdbcfba8,images.webp,shrimp,0.7368,small,0.019211,49.5,379.5
2026-01-05T20:57:40,e0aeb4d895fe46cd874be5ca5e78a85e,images.webp,noodles,0.8995,large,1.0,330.0,379.5
2026-01-05T20:57:40,e0aeb4d895fe46cd874be5ca5e78a85e,images.webp,shrimp,0.7368,small,0.019211,49.5,379.5
2026-01-05T20:57:41,adaf29cbbbd241ea9f214fac399c91ab,images.webp,noodles,0.8995,large,1.0,330.0,379.5
2026-01-05T20:57:41,adaf29cbbbd241ea9f214fac399c91ab,images.webp,shrimp,0.7368,small,0.019211,49.5,379.5
2026-01-05T20:57:41,a9d9d63b04c64371ba3f7162cb33e645,images.webp,noodles,0.8995,large,1.0,330.0,379.5
2026-01-05T20:57:41,a9d9d63b04c64371ba3f7162cb33e645,images.webp,shrimp,0.7368,small,0.019211,49.5,379.5
2026-01-05T20:57:41,96828c35eac24cf49b3255fb1f3b9288,images.webp,noodles,0.8995,large,1.0,330.0,379.5
2026-01-05T20:57:41,96828c35eac24cf49b3255fb1f3b9288,images.webp,shrimp,0.7368,small,0.019211,49.5,379.5
2026-01-05T20:57:41,81d44ea9fa584c94bc7fba7f69b50e03,images.webp,noodles,0.8995,large,1.0,330.0,379.5
2026-01-05T20:57:41,81d44ea9fa584c94bc7fba7f69b50e03,images.webp,shrimp,0.7368,small,0.019211,49.5,379.5
2026-01-05T20:57:41,1f5d6de12693406684ee53e8cd805cc5,images.webp,noodles,0.8995,large,1.0,330.0,379.5
2026-01-05T20:57:41,1f5d6de12693406684ee53e8cd805cc5,images.webp,shrimp,0.7368,small,0.019211,49.5,379.5
2026-01-05T20:57:41,6bca36290de846f2b687ac9cb5df348d,images.webp,noodles,0.8995,large,1.0,330.0,379.5
2026-01-05T20:57:41,6bca36290de846f2b687ac9cb5df348d,images.webp,shrimp,0.7368,small,0.019211,49.5,379.5
2026-01-05T21:00:35,0c451482051a4906b4bf1026a4ef2980,images.webp,noodles,0.8995,large,1.0,330.0,379.5
2026-01-05T21:00:35,0c451482051a4906b4bf1026a4ef2980,images.webp,shrimp,0.7368,small,0.019211,49.5,379.5
2026-01-05T21:00:40,26f0f2007d2e4a39a1913a793e814da6,images.webp,noodles,0.8995,large,1.0,330.0,379.5
2026-01-05T21:00:40,26f0f2007d2e4a39a1913a793e814da6,images.webp,shrimp,0.7368,small,0.019211,49.5,379.5
2026-01-05T21:00:40,1548cc5543b74ef7be7d3f2d0ceff48c,images.webp,noodles,0.8995,large,1.0,330.0,379.5
2026-01-05T21:00:40,1548cc5543b74ef7be7d3f2d0ceff48c,images.webp,shrimp,0.7368,small,0.019211,49.5,379.5
2026-01-05T21:00:40,ec25907ac6084cc8ae05c11a6312429d,images.webp,noodles,0.8995,large,1.0,330.0,379.5
2026-01-05T21:00:40,ec25907ac6084cc8ae05c11a6312429d,images.webp,shrimp,0.7368,small,0.019211,49.5,379.5
2026-01-05T21:00:40,6eed7e2da622402fb5538d4e728c53dc,images.webp,noodles,0.8995,large,1.0,330.0,379.5
2026-01-05T21:00:40,6eed7e2da622402fb5538d4e728c53dc,images.webp,shrimp,0.7368,small,0.019211,49.5,379.5
2026-01-05T21:00:41,84d8f945f8a5416c94eaf5755e9b227c,images.webp,noodles,0.8995,large,1.0,330.0,379.5
2026-01-05T21:00:41,84d8f945f8a5416c94eaf5755e9b227c,images.webp,shrimp,0.7368,small,0.019211,49.5,379.5
2026-01-05T21:00:41,1be6af26e25f4c7da609b1f9166899a6,images.webp,noodles,0.8995,large,1.0,330.0,379.5
2026-01-05T21:00:41,1be6af26e25f4c7da609b1f9166899a6,images.webp,shrimp,0.7368,small,0.019211,49.5,379.5
2026-01-05T21:10:20,f0fac481e10a434b81075d81601ec85e,8401927_Easy-Chicken-and-Stuffing-Bake_Dotdash-Meredith-Food-Studios_4x3-82eb5336b5ef464dbb69bb9e6a15492c.jpg,beef,0.3755,large,1.0,375.0,375.0
2026-01-05T21:10:53,ab9d322324ce4557baad22aad1df3b7b,images.webp,noodles,0.8995,large,1.0,330.0,379.5
2026-01-05T21:10:53,ab9d322324ce4557baad22aad1df3b7b,images.webp,shrimp,0.7368,small,0.019211,49.5,379.5
2026-01-05T21:11:18,815716a3990542b7b82a7b16e4d2d7a4,images.webp,noodles,0.8995,large,1.0,330.0,379.5
2026-01-05T21:11:18,815716a3990542b7b82a7b16e4d2d7a4,images.webp,shrimp,0.7368,small,0.019211,49.5,379.5
2026-01-05T21:11:55,efaa5dc35fd441189cd59abec812390d,images.webp,noodles,0.8995,large,1.0,330.0,379.5
2026-01-05T21:11:55,efaa5dc35fd441189cd59abec812390d,images.webp,shrimp,0.7368,small,0.019211,49.5,379.5
2026-01-05T21:12:13,a91a26af69c240fa86861ed292484d44,images.webp,noodles,0.8995,large,1.0,330.0,379.5
2026-01-05T21:12:13,a91a26af69c240fa86861ed292484d44,images.webp,shrimp,0.7368,small,0.019211,49.5,379.5
2026-01-05T21:12:14,9bd3115e0551497e83cc7afdfb47c2f3,images.webp,noodles,0.8995,large,1.0,330.0,379.5
2026-01-05T21:12:14,9bd3115e0551497e83cc7afdfb47c2f3,images.webp,shrimp,0.7368,small,0.019211,49.5,379.5
2026-01-05T21:24:26,0b0f103a0f2f4cbbb58053f96c226a27,images.webp,noodles,0.8995,large,1.0,330.0,379.5
2026-01-05T21:24:26,0b0f103a0f2f4cbbb58053f96c226a27,images.webp,shrimp,0.7368,small,0.019211,49.5,379.5
2026-01-05T21:32:12,ceb0c6aced274706911fd44deed6c2d8,images.webp,noodles,0.8995,large,1.0,330.0,379.5
2026-01-05T21:32:12,ceb0c6aced274706911fd44deed6c2d8,images.webp,shrimp,0.7368,small,0.019211,49.5,379.5
2026-01-05T21:51:54,3918286dcfc648c9ac3618deb9517c07,images.webp,noodles,0.8995,large,1.0,330.0,379.5
2026-01-05T21:51:54,3918286dcfc648c9ac3618deb9517c07,images.webp,shrimp,0.7368,small,0.019211,49.5,379.5
2026-01-06T08:14:02,9f3b60ab8200464a98b258b4531d7f1f,images.webp,noodles,0.8995,large,1.0,330.0,379.5
2026-01-06T08:14:02,9f3b60ab8200464a98b258b4531d7f1f,images.webp,shrimp,0.7368,small,0.019211,49.5,379.5
2026-01-06T08:43:48,36b474c2ad36421dac4b4deb2853bc87,images.webp,noodles,0.8995,large,1.0,330.0,379.5
2026-01-06T08:43:48,36b474c2ad36421dac4b4deb2853bc87,images.webp,shrimp,0.7368,small,0.019211,49.5,379.5
2026-01-06T09:08:25,ffcea6081f0e445aac164af1745545c6,images.webp,noodles,0.8995,large,1.0,330.0,379.5
2026-01-06T09:08:25,ffcea6081f0e445aac164af1745545c6,images.webp,shrimp,0.7368,small,0.019211,49.5,379.5
2026-01-06T09:35:37,2f3983d156f5449bbde95bb7459edf3a,images.webp,noodles,0.8995,large,1.0,330.0,379.5
2026-01-06T09:35:37,2f3983d156f5449bbde95bb7459edf3a,images.webp,shrimp,0.7368,small,0.019211,49.5,379.5
2026-01-06T09:35:51,1133f514c0814c109ef5861b332a1e35,8401927_Easy-Chicken-and-Stuffing-Bake_Dotdash-Meredith-Food-Studios_4x3-82eb5336b5ef464dbb69bb9e6a15492c.jpg,beef,0.3755,large,1.0,375.0,375.0
2026-01-06T09:35:53,8f4d93c423bf4f2b87effddb45f478db,8401927_Easy-Chicken-and-Stuffing-Bake_Dotdash-Meredith-Food-Studios_4x3-82eb5336b5ef464dbb69bb9e6a15492c.jpg,rice,0.2844,large,1.0,390.0,765.0
2026-01-06T09:35:53,8f4d93c423bf4f2b87effddb45f478db,8401927_Easy-Chicken-and-Stuffing-Bake_Dotdash-Meredith-Food-Studios_4x3-82eb5336b5ef464dbb69bb9e6a15492c.jpg,beef,0.3755,large,0.980953,375.0,765.0
2026-01-06T09:35:57,469caaebef08420c8b715a6bf1ef67e8,8401927_Easy-Chicken-and-Stuffing-Bake_Dotdash-Meredith-Food-Studios_4x3-82eb5336b5ef464dbb69bb9e6a15492c.jpg,rice,0.2844,large,1.0,390.0,765.0
2026-01-06T09:35:57,469caaebef08420c8b715a6bf1ef67e8,8401927_Easy-Chicken-and-Stuffing-Bake_Dotdash-Meredith-Food-Studios_4x3-82eb5336b5ef464dbb69bb9e6a15492c.jpg,beef,0.3755,large,0.980953,375.0,765.0
2026-01-06T09:36:00,5a7bab10dd6449209cdf58e3a73c6ad7,images.webp,noodles,0.8995,large,1.0,330.0,379.5
2026-01-06T09:36:00,5a7bab10dd6449209cdf58e3a73c6ad7,images.webp,shrimp,0.7368,small,0.019211,49.5,379.5
2026-01-06T09:45:26,f2108a6120d04f92992a89ca207c2269,images.webp,noodles,0.8995,large,1.0,330.0,379.5
2026-01-06T09:45:26,f2108a6120d04f92992a89ca207c2269,images.webp,shrimp,0.7368,small,0.019211,49.5,379.5
2026-01-06T10:02:10,0a300887d1e0464cb021e62179f7ac49,Eggy-Bread-Recipe.jpg,bread,0.774,large,1.0,240.0,357.0
2026-01-06T10:02:10,0a300887d1e0464cb021e62179f7ac49,Eggy-Bread-Recipe.jpg,egg,0.9121,large,0.44337,117.0,357.0
2026-01-06T11:21:59,a33590ceb8b04889b709c97c4c962ded,Eggy-Bread-Recipe.jpg,bread,0.774,large,1.0,240.0,357.0
2026-01-06T11:21:59,a33590ceb8b04889b709c97c4c962ded,Eggy-Bread-Recipe.jpg,egg,0.9121,large,0.44337,117.0,357.0
2026-01-06T11:34:26,eb0c11f4745f44878dabef4e953e8588,Eggy-Bread-Recipe.jpg,bread,0.774,large,1.0,240.0,357.0
2026-01-06T11:34:26,eb0c11f4745f44878dabef4e953e8588,Eggy-Bread-Recipe.jpg,egg,0.9121,large,0.44337,117.0,357.0
2026-01-06T11:34:51,76630e29731b4332b7a313262b0a908b,Eggy-Bread-Recipe.jpg,bread,0.774,large,1.0,240.0,357.0
2026-01-06T11:34:51,76630e29731b4332b7a313262b0a908b,Eggy-Bread-Recipe.jpg,egg,0.9121,large,0.44337,117.0,357.0
2026-01-06T11:55:58,025907e0dfdb42a39d2a11618a3add7d,Eggy-Bread-Recipe.jpg,bread,0.774,large,1.0,240.0,357.0
2026-01-06T11:55:58,025907e0dfdb42a39d2a11618a3add7d,Eggy-Bread-Recipe.jpg,egg,0.9121,large,0.44337,117.0,357.0
2026-01-06T11:57:10,ddfb82b41f204f4a96ba40108e08e970,png-clipart-breakfast-sandwich-omelette-bacon-breakfast-cereal-nutritious-breakfast-egg-bread-food-recipe-thumbnail.png,egg,0.6494,large,1.0,117.0,619.5
2026-01-06T11:57:10,ddfb82b41f204f4a96ba40108e08e970,png-clipart-breakfast-sandwich-omelette-bacon-breakfast-cereal-nutritious-breakfast-egg-bread-food-recipe-thumbnail.png,chicken,0.5769,large,0.60027,502.5,619.5
2026-01-06T11:57:53,b966c93cc64e49b5bafc08e3751c3506,png-clipart-egg-sausage-bacon-toasted-bread-and-lettuce-breakfast-food-ingredient-salad-frying-breakfast-food-recipe-thumbnail.png,bread,0.6497,large,1.0,240.0,742.5
2026-01-06T11:57:53,b966c93cc64e49b5bafc08e3751c3506,png-clipart-egg-sausage-bacon-toasted-bread-and-lettuce-breakfast-food-ingredient-salad-frying-breakfast-food-recipe-thumbnail.png,chicken,0.9514,large,0.398501,502.5,742.5
2026-01-06T11:58:18,6af8ccad26b745b0829c75305478968b,png-clipart-bread-with-egg-thumbnail.png,egg,0.8754,large,1.0,117.0,357.0
2026-01-06T11:58:18,6af8ccad26b745b0829c75305478968b,png-clipart-bread-with-egg-thumbnail.png,bread,0.5205,large,0.32638,240.0,357.0
2026-01-06T12:00:57,7f7a4e7874d84930b22f4a3a185e6517,png-clipart-egg-sausage-bacon-toasted-bread-and-lettuce-breakfast-food-ingredient-salad-frying-breakfast-food-recipe-thumbnail.png,bread,0.6497,large,1.0,240.0,742.5
2026-01-06T12:00:57,7f7a4e7874d84930b22f4a3a185e6517,png-clipart-egg-sausage-bacon-toasted-bread-and-lettuce-breakfast-food-ingredient-salad-frying-breakfast-food-recipe-thumbnail.png,chicken,0.9514,large,0.398501,502.5,742.5
2026-01-06T12:34:59,b040944aa38c4a0d889980d8d8078d05,png-clipart-egg-sausage-bacon-toasted-bread-and-lettuce-breakfast-food-ingredient-salad-frying-breakfast-food-recipe-thumbnail.png,bread,0.6497,large,1.0,240.0,742.5
2026-01-06T12:34:59,b040944aa38c4a0d889980d8d8078d05,png-clipart-egg-sausage-bacon-toasted-bread-and-lettuce-breakfast-food-ingredient-salad-frying-breakfast-food-recipe-thumbnail.png,chicken,0.9514,large,0.398501,502.5,742.5
2026-01-06T12:35:03,12f0d92cb2a34f81b29a0ed9e6ae5937,png-clipart-breakfast-sandwich-omelette-bacon-breakfast-cereal-nutritious-breakfast-egg-bread-food-recipe-thumbnail.png,egg,0.6494,large,1.0,117.0,619.5
2026-01-06T12:35:03,12f0d92cb2a34f81b29a0ed9e6ae5937,png-clipart-breakfast-sandwich-omelette-bacon-breakfast-cereal-nutritious-breakfast-egg-bread-food-recipe-thumbnail.png,chicken,0.5769,large,0.60027,502.5,619.5
2026-01-06T12:35:07,24659908192e42a29ec257f5d3b3f859,Eggy-Bread-Recipe.jpg,bread,0.774,large,1.0,240.0,357.0
2026-01-06T12:35:07,24659908192e42a29ec257f5d3b3f859,Eggy-Bread-Recipe.jpg,egg,0.9121,large,0.44337,117.0,357.0
2026-01-06T13:00:40,44909d375c524b24b5bdc754bf0e9adc,Eggy-Bread-Recipe.jpg,bread,0.774,large,1.0,240.0,357.0
2026-01-06T13:00:40,44909d375c524b24b5bdc754bf0e9adc,Eggy-Bread-Recipe.jpg,egg,0.9121,large,0.44337,117.0,357.0
2026-01-06T13:01:02,f83de3301cee4a2ea635d905760d4a75,png-clipart-egg-sausage-bacon-toasted-bread-and-lettuce-breakfast-food-ingredient-salad-frying-breakfast-food-recipe-thumbnail.png,bread,0.6497,large,1.0,240.0,742.5
2026-01-06T13:01:02,f83de3301cee4a2ea635d905760d4a75,png-clipart-egg-sausage-bacon-toasted-bread-and-lettuce-breakfast-food-ingredient-salad-frying-breakfast-food-recipe-thumbnail.png,chicken,0.9514,large,0.398501,502.5,742.5
2026-01-06T13:01:15,3b27946cf4614c0bac05fad307ebb62d,png-clipart-bread-with-egg-thumbnail.png,egg,0.8754,large,1.0,117.0,357.0
2026-01-06T13:01:15,3b27946cf4614c0bac05fad307ebb62d,png-clipart-bread-with-egg-thumbnail.png,bread,0.5205,large,0.32638,240.0,357.0
2026-01-06T13:01:22,57a910ecc6dc4f1786f69bd4829eb6e7,images.webp,noodles,0.8995,large,1.0,330.0,379.5
2026-01-06T13:01:22,57a910ecc6dc4f1786f69bd4829eb6e7,images.webp,shrimp,0.7368,small,0.019211,49.5,379.5
2026-01-06T13:01:55,4c4d9449563a46de9c564ecd587ba2c3,images.webp,noodles,0.8995,large,1.0,330.0,379.5
2026-01-06T13:01:55,4c4d9449563a46de9c564ecd587ba2c3,images.webp,shrimp,0.7368,small,0.019211,49.5,379.5
2026-01-06T13:02:01,c42740f7eced44a98cc7aa7f8ebb49ba,8401927_Easy-Chicken-and-Stuffing-Bake_Dotdash-Meredith-Food-Studios_4x3-82eb5336b5ef464dbb69bb9e6a15492c.jpg,,,,,,0.0
2026-01-06T13:02:07,ddbd6066fadc4a9090f9bebc5990abfc,8401927_Easy-Chicken-and-Stuffing-Bake_Dotdash-Meredith-Food-Studios_4x3-82eb5336b5ef464dbb69bb9e6a15492c.jpg,rice,0.3384,large,1.0,390.0,765.0
2026-01-06T13:02:07,ddbd6066fadc4a9090f9bebc5990abfc,8401927_Easy-Chicken-and-Stuffing-Bake_Dotdash-Meredith-Food-Studios_4x3-82eb5336b5ef464dbb69bb9e6a15492c.jpg,beef,0.2403,large,0.980478,375.0,765.0
2026-01-06T13:02:13,2dc052d0ab4a492f8f7b4ab353676520,8401927_Easy-Chicken-and-Stuffing-Bake_Dotdash-Meredith-Food-Studios_4x3-82eb5336b5ef464dbb69bb9e6a15492c.jpg,rice,0.3384,large,1.0,390.0,390.0
2026-01-06T13:02:18,1f51af0521dd4decac005dcc32878740,png-clipart-breakfast-sandwich-omelette-bacon-breakfast-cereal-nutritious-breakfast-egg-bread-food-recipe-thumbnail.png,egg,0.6494,large,1.0,117.0,619.5
2026-01-06T13:02:18,1f51af0521dd4decac005dcc32878740,png-clipart-breakfast-sandwich-omelette-bacon-breakfast-cereal-nutritious-breakfast-egg-bread-food-recipe-thumbnail.png,chicken,0.5769,large,0.60027,502.5,619.5
2026-01-06T13:02:51,be334f2796fe4a139f1fdcc3fb4566fa,8401927_Easy-Chicken-and-Stuffing-Bake_Dotdash-Meredith-Food-Studios_4x3-82eb5336b5ef464dbb69bb9e6a15492c.jpg,,,,,,0.0
2026-01-06T13:03:28,7d90f0d896564f1d8376ee092b43d438,8401927_Easy-Chicken-and-Stuffing-Bake_Dotdash-Meredith-Food-Studios_4x3-82eb5336b5ef464dbb69bb9e6a15492c.jpg,,,,,,0.0
2026-01-06T13:03:56,c053cafc3cd0482e923e2aed1962db7d,8401927_Easy-Chicken-and-Stuffing-Bake_Dotdash-Meredith-Food-Studios_4x3-82eb5336b5ef464dbb69bb9e6a15492c.jpg,rice,0.3384,large,1.0,390.0,390.0
2026-01-06T13:04:05,f9257adc4b8645128c79655dc4bde8e3,Eggy-Bread-Recipe.jpg,bread,0.774,large,1.0,240.0,357.0
2026-01-06T13:04:05,f9257adc4b8645128c79655dc4bde8e3,Eggy-Bread-Recipe.jpg,egg,0.9121,large,0.44337,117.0,357.0
2026-01-06T13:06:56,6821e485eb31457c89b4974aba2fb853,Eggy-Bread-Recipe.jpg,bread,0.774,large,1.0,240.0,357.0
2026-01-06T13:06:56,6821e485eb31457c89b4974aba2fb853,Eggy-Bread-Recipe.jpg,egg,0.9121,large,0.44337,117.0,357.0
2026-01-06T13:06:57,7b8fc58222244017b6faa29d1847d20e,Eggy-Bread-Recipe.jpg,bread,0.774,large,1.0,240.0,357.0
2026-01-06T13:06:57,7b8fc58222244017b6faa29d1847d20e,Eggy-Bread-Recipe.jpg,egg,0.9121,large,0.44337,117.0,357.0
2026-01-06T13:06:58,8ce074df43d643b6b0ae7b014ead625e,Eggy-Bread-Recipe.jpg,bread,0.774,large,1.0,240.0,357.0
2026-01-06T13:06:58,8ce074df43d643b6b0ae7b014ead625e,Eggy-Bread-Recipe.jpg,egg,0.9121,large,0.44337,117.0,357.0
2026-01-06T13:06:58,1bd3017b76394f40b1fa7369dc5e59e8,Eggy-Bread-Recipe.jpg,bread,0.774,large,1.0,240.0,357.0
2026-01-06T13:06:58,1bd3017b76394f40b1fa7369dc5e59e8,Eggy-Bread-Recipe.jpg,egg,0.9121,large,0.44337,117.0,357.0
2026-01-06T13:06:59,1d52f82540964eb79af8d529a339ce4d,Eggy-Bread-Recipe.jpg,bread,0.774,large,1.0,240.0,357.0
2026-01-06T13:06:59,1d52f82540964eb79af8d529a339ce4d,Eggy-Bread-Recipe.jpg,egg,0.9121,large,0.44337,117.0,357.0
2026-01-06T13:06:59,55bfa4a64b90497e84722ba860532e6a,Eggy-Bread-Recipe.jpg,bread,0.774,large,1.0,240.0,357.0
2026-01-06T13:06:59,55bfa4a64b90497e84722ba860532e6a,Eggy-Bread-Recipe.jpg,egg,0.9121,large,0.44337,117.0,357.0
2026-01-06T13:07:00,a67648cb725848fc9ad4f71d7485b4c0,Eggy-Bread-Recipe.jpg,bread,0.774,large,1.0,240.0,357.0
2026-01-06T13:07:00,a67648cb725848fc9ad4f71d7485b4c0,Eggy-Bread-Recipe.jpg,egg,0.9121,large,0.44337,117.0,357.0
2026-01-06T13:07:01,801b5183229341e3ac4e8b5ea47f8bba,Eggy-Bread-Recipe.jpg,bread,0.774,large,1.0,240.0,357.0
2026-01-06T13:07:01,801b5183229341e3ac4e8b5ea47f8bba,Eggy-Bread-Recipe.jpg,egg,0.9121,large,0.44337,117.0,357.0
2026-01-06T13:07:01,e108c0985a06456680dcc63dfca45770,Eggy-Bread-Recipe.jpg,bread,0.774,large,1.0,240.0,357.0
2026-01-06T13:07:01,e108c0985a06456680dcc63dfca45770,Eggy-Bread-Recipe.jpg,egg,0.9121,large,0.44337,117.0,357.0
2026-01-06T13:07:02,87025808433946f4a82e89bdc2734047,Eggy-Bread-Recipe.jpg,bread,0.774,large,1.0,240.0,357.0
2026-01-06T13:07:02,87025808433946f4a82e89bdc2734047,Eggy-Bread-Recipe.jpg,egg,0.9121,large,0.44337,117.0,357.0
2026-01-06T13:07:02,5367357adbed4aef8e270dc7f0519c30,Eggy-Bread-Recipe.jpg,bread,0.774,large,1.0,240.0,357.0
2026-01-06T13:07:02,5367357adbed4aef8e270dc7f0519c30,Eggy-Bread-Recipe.jpg,egg,0.9121,large,0.44337,117.0,357.0
2026-01-06T13:07:03,54a07aeef4214deababea823c8fd2a43,Eggy-Bread-Recipe.jpg,bread,0.774,large,1.0,240.0,357.0
2026-01-06T13:07:03,54a07aeef4214deababea823c8fd2a43,Eggy-Bread-Recipe.jpg,egg,0.9121,large,0.44337,117.0,357.0
2026-01-06T13:07:04,18a5b6c5e3334b5796a0124d99b866dd,Eggy-Bread-Recipe.jpg,bread,0.774,large,1.0,240.0,357.0
2026-01-06T13:07:04,18a5b6c5e3334b5796a0124d99b866dd,Eggy-Bread-Recipe.jpg,egg,0.9121,large,0.44337,117.0,357.0
2026-01-06T13:07:06,9d9faa72ada54679b5a06f120d85a5ce,Eggy-Bread-Recipe.jpg,bread,0.774,large,1.0,240.0,357.0
2026-01-06T13:07:06,9d9faa72ada54679b5a06f120d85a5ce,Eggy-Bread-Recipe.jpg,egg,0.9121,large,0.44337,117.0,357.0
2026-01-06T13:07:06,92e8be5d6e504f3bb1d74912a85f2619,Eggy-Bread-Recipe.jpg,bread,0.774,large,1.0,240.0,357.0
2026-01-06T13:07:06,92e8be5d6e504f3bb1d74912a85f2619,Eggy-Bread-Recipe.jpg,egg,0.9121,large,0.44337,117.0,357.0
2026-01-06T13:07:07,e112138c738f4d4abdeaaf3ddeaf7337,Eggy-Bread-Recipe.jpg,bread,0.774,large,1.0,240.0,357.0
2026-01-06T13:07:07,e112138c738f4d4abdeaaf3ddeaf7337,Eggy-Bread-Recipe.jpg,egg,0.9121,large,0.44337,117.0,357.0
2026-01-06T13:07:08,dfd1ff549b2449758263010f12530492,Eggy-Bread-Recipe.jpg,bread,0.774,large,1.0,240.0,357.0
2026-01-06T13:07:08,dfd1ff549b2449758263010f12530492,Eggy-Bread-Recipe.jpg,egg,0.9121,large,0.44337,117.0,357.0
2026-01-06T13:07:08,6b41f7f138344f17aab4d991afdbe053,Eggy-Bread-Recipe.jpg,bread,0.774,large,1.0,240.0,357.0
2026-01-06T13:07:08,6b41f7f138344f17aab4d991afdbe053,Eggy-Bread-Recipe.jpg,egg,0.9121,large,0.44337,117.0,357.0
2026-01-06T13:07:10,d63b1b3f512c474fa9e04364fb6b8dd5,Eggy-Bread-Recipe.jpg,bread,0.774,large,1.0,240.0,357.0
2026-01-06T13:07:10,d63b1b3f512c474fa9e04364fb6b8dd5,Eggy-Bread-Recipe.jpg,egg,0.9121,large,0.44337,117.0,357.0
2026-01-06T13:07:11,8c55c4abbe774540b21486244563b662,Eggy-Bread-Recipe.jpg,bread,0.774,large,1.0,240.0,357.0
2026-01-06T13:07:11,8c55c4abbe774540b21486244563b662,Eggy-Bread-Recipe.jpg,egg,0.9121,large,0.44337,117.0,357.0
2026-01-06T13:07:11,cf90a97456d54f2e8b4c643687d3bf4a,Eggy-Bread-Recipe.jpg,bread,0.774,large,1.0,240.0,357.0
2026-01-06T13:07:11,cf90a97456d54f2e8b4c643687d3bf4a,Eggy-Bread-Recipe.jpg,egg,0.9121,large,0.44337,117.0,357.0
2026-01-06T13:07:12,d902bd0983574707be86a32af49da7c5,Eggy-Bread-Recipe.jpg,bread,0.774,large,1.0,240.0,357.0
2026-01-06T13:07:12,d902bd0983574707be86a32af49da7c5,Eggy-Bread-Recipe.jpg,egg,0.9121,large,0.44337,117.0,357.0
2026-01-06T13:07:12,11f328c7b14340cdb3ae888adf08f5b5,Eggy-Bread-Recipe.jpg,bread,0.774,large,1.0,240.0,357.0
2026-01-06T13:07:12,11f328c7b14340cdb3ae888adf08f5b5,Eggy-Bread-Recipe.jpg,egg,0.9121,large,0.44337,117.0,357.0
2026-01-06T13:07:15,018580874bfe4e3bb7e2ee5b5b3feb55,Eggy-Bread-Recipe.jpg,bread,0.774,large,1.0,240.0,357.0
2026-01-06T13:07:15,018580874bfe4e3bb7e2ee5b5b3feb55,Eggy-Bread-Recipe.jpg,egg,0.9121,large,0.44337,117.0,357.0
2026-01-06T13:07:16,58b41b54d8e243629bd2bbd3e9acb968,Eggy-Bread-Recipe.jpg,bread,0.774,large,1.0,240.0,357.0
2026-01-06T13:07:16,58b41b54d8e243629bd2bbd3e9acb968,Eggy-Bread-Recipe.jpg,egg,0.9121,large,0.44337,117.0,357.0
2026-01-06T13:07:17,9d8ef62652074e45b4b018bfe623f107,Eggy-Bread-Recipe.jpg,bread,0.774,large,1.0,240.0,357.0
2026-01-06T13:07:17,9d8ef62652074e45b4b018bfe623f107,Eggy-Bread-Recipe.jpg,egg,0.9121,large,0.44337,117.0,357.0
2026-01-06T13:07:52,e9e53097d6f749648d9c689def44d8a0,Eggy-Bread-Recipe.jpg,bread,0.774,large,1.0,240.0,357.0
2026-01-06T13:07:52,e9e53097d6f749648d9c689def44d8a0,Eggy-Bread-Recipe.jpg,egg,0.9121,large,0.44337,117.0,357.0
2026-01-06T13:18:14,4a21052d718b4456afaf9faf9df7df1a,Eggy-Bread-Recipe.jpg,bread,0.774,large,1.0,240.0,357.0
2026-01-06T13:18:14,4a21052d718b4456afaf9faf9df7df1a,Eggy-Bread-Recipe.jpg,egg,0.9121,large,0.44337,117.0,357.0
2026-01-06T13:18:57,c83b847d32724ef9b68a4e39826958c1,Eggy-Bread-Recipe.jpg,bread,0.774,large,1.0,240.0,357.0
2026-01-06T13:18:57,c83b847d32724ef9b68a4e39826958c1,Eggy-Bread-Recipe.jpg,egg,0.9121,large,0.44337,117.0,357.0
2026-01-06T13:19:29,cb96a7969621457aae9da8319530cae9,Eggy-Bread-Recipe.jpg,bread,0.774,large,1.0,240.0,357.0
2026-01-06T13:19:29,cb96a7969621457aae9da8319530cae9,Eggy-Bread-Recipe.jpg,egg,0.9121,large,0.44337,117.0,357.0
2026-01-06T13:19:43,92116bb048cb4768b86ef01fcbf50f4c,Eggy-Bread-Recipe.jpg,bread,0.774,large,1.0,240.0,357.0
2026-01-06T13:19:43,92116bb048cb4768b86ef01fcbf50f4c,Eggy-Bread-Recipe.jpg,egg,0.9121,large,0.44337,117.0,357.0
2026-01-06T13:19:43,4a9e68976ad54035b9b0b2aa1a9a4b99,Eggy-Bread-Recipe.jpg,bread,0.774,large,1.0,240.0,357.0
2026-01-06T13:19:43,4a9e68976ad54035b9b0b2aa1a9a4b99,Eggy-Bread-Recipe.jpg,egg,0.9121,large,0.44337,117.0,357.0
2026-01-06T13:19:44,470362524ddc4bbdb9165755716e164b,Eggy-Bread-Recipe.jpg,bread,0.774,large,1.0,240.0,357.0
2026-01-06T13:19:44,470362524ddc4bbdb9165755716e164b,Eggy-Bread-Recipe.jpg,egg,0.9121,large,0.44337,117.0,357.0
2026-01-06T13:19:45,f80dc0b3710e47c3be40e4b7d3213800,Eggy-Bread-Recipe.jpg,bread,0.774,large,1.0,240.0,357.0
2026-01-06T13:19:45,f80dc0b3710e47c3be40e4b7d3213800,Eggy-Bread-Recipe.jpg,egg,0.9121,large,0.44337,117.0,357.0
2026-01-06T13:19:46,9114f9d1dd4c4f9b9a2dcceb94a1185d,Eggy-Bread-Recipe.jpg,bread,0.774,large,1.0,240.0,357.0
2026-01-06T13:19:46,9114f9d1dd4c4f9b9a2dcceb94a1185d,Eggy-Bread-Recipe.jpg,egg,0.9121,large,0.44337,117.0,357.0
2026-01-06T13:19:46,70fe7440084e4f519399e2aa173b6240,Eggy-Bread-Recipe.jpg,bread,0.774,large,1.0,240.0,357.0
2026-01-06T13:19:46,70fe7440084e4f519399e2aa173b6240,Eggy-Bread-Recipe.jpg,egg,0.9121,large,0.44337,117.0,357.0
2026-01-06T13:19:50,8d0d923e42494d0b89c12205a830a3cc,Eggy-Bread-Recipe.jpg,bread,0.774,large,1.0,240.0,357.0
2026-01-06T13:19:50,8d0d923e42494d0b89c12205a830a3cc,Eggy-Bread-Recipe.jpg,egg,0.9121,large,0.44337,117.0,357.0
2026-01-06T13:24:11,5ba74413d8134b3c80f20c6d023c3483,Eggy-Bread-Recipe.jpg,bread,0.774,large,1.0,240.0,357.0
2026-01-06T13:24:11,5ba74413d8134b3c80f20c6d023c3483,Eggy-Bread-Recipe.jpg,egg,0.9121,large,0.44337,117.0,357.0
2026-01-06T13:31:38,01d92b33aeab4593822a87941840c625,png-clipart-bread-with-egg-thumbnail.png,egg,0.8754,large,1.0,117.0,357.0
2026-01-06T13:31:38,01d92b33aeab4593822a87941840c625,png-clipart-bread-with-egg-thumbnail.png,bread,0.5205,large,0.32638,240.0,357.0
2026-01-06T13:40:53,7265315ab8cd4583bf52bca9caec492b,png-clipart-bread-with-egg-thumbnail.png,egg,0.8754,large,1.0,117.0,357.0
2026-01-06T13:40:53,7265315ab8cd4583bf52bca9caec492b,png-clipart-bread-with-egg-thumbnail.png,bread,0.5205,large,0.32638,240.0,357.0
2026-01-06T13:41:14,52c27aa05b6a4e12a418e47b410b1b43,png-clipart-breakfast-sandwich-omelette-bacon-breakfast-cereal-nutritious-breakfast-egg-bread-food-recipe-thumbnail.png,egg,0.6494,large,1.0,117.0,619.5
2026-01-06T13:41:14,52c27aa05b6a4e12a418e47b410b1b43,png-clipart-breakfast-sandwich-omelette-bacon-breakfast-cereal-nutritious-breakfast-egg-bread-food-recipe-thumbnail.png,chicken,0.5769,large,0.60027,502.5,619.5
2026-01-06T13:47:25,acc0d793d9fe4cbf8e342a81708ef27b,images.webp,noodles,0.8995,large,1.0,330.0,379.5
2026-01-06T13:47:25,acc0d793d9fe4cbf8e342a81708ef27b,images.webp,shrimp,0.7368,small,0.019211,49.5,379.5
2026-01-06T13:51:53,2cee4fd21a4b4f78ae449ddc65af6687,images.webp,noodles,0.8995,large,1.0,330.0,379.5
2026-01-06T13:51:53,2cee4fd21a4b4f78ae449ddc65af6687,images.webp,shrimp,0.7368,small,0.019211,49.5,379.5
2026-01-06T13:52:58,0f1052c1eb4845e89616a7bcc0064276,images.webp,noodles,0.8995,large,1.0,330.0,379.5
2026-01-06T13:52:58,0f1052c1eb4845e89616a7bcc0064276,images.webp,shrimp,0.7368,small,0.019211,49.5,379.5
2026-01-06T14:00:24,e57ac1ee18f94a838742972b2b7a39a3,png-clipart-egg-sausage-bacon-toasted-bread-and-lettuce-breakfast-food-ingredient-salad-frying-breakfast-food-recipe-thumbnail.png,bread,0.6497,large,1.0,240.0,742.5
2026-01-06T14:00:24,e57ac1ee18f94a838742972b2b7a39a3,png-clipart-egg-sausage-bacon-toasted-bread-and-lettuce-breakfast-food-ingredient-salad-frying-breakfast-food-recipe-thumbnail.png,chicken,0.9514,large,0.398501,502.5,742.5
2026-01-06T14:01:00,11d5117f18104e9f869f8b3e5938b3f6,images.webp,noodles,0.8995,large,1.0,330.0,379.5
2026-01-06T14:01:00,11d5117f18104e9f869f8b3e5938b3f6,images.webp,shrimp,0.7368,small,0.019211,49.5,379.5
2026-01-06T14:02:58,ac22879298134fc3beaa5668a77ce2d1,png-clipart-egg-sausage-bacon-toasted-bread-and-lettuce-breakfast-food-ingredient-salad-frying-breakfast-food-recipe-thumbnail.png,bread,0.6497,large,1.0,240.0,742.5
2026-01-06T14:02:58,ac22879298134fc3beaa5668a77ce2d1,png-clipart-egg-sausage-bacon-toasted-bread-and-lettuce-breakfast-food-ingredient-salad-frying-breakfast-food-recipe-thumbnail.png,chicken,0.9514,large,0.398501,502.5,742.5
2026-01-06T14:16:50,94463e1a7a644cc0aadc827060db6bb4,images.webp,noodles,0.8995,large,1.0,330.0,379.5
2026-01-06T14:16:50,94463e1a7a644cc0aadc827060db6bb4,images.webp,shrimp,0.7368,small,0.019211,49.5,379.5
2026-01-06T14:27:19,fd47e74257ff4d3ba365e4a391cb9ff2,png-clipart-bread-with-egg-thumbnail.png,egg,0.8754,large,1.0,117.0,357.0
2026-01-06T14:27:19,fd47e74257ff4d3ba365e4a391cb9ff2,png-clipart-bread-with-egg-thumbnail.png,bread,0.5205,large,0.32638,240.0,357.0
2026-01-06T14:31:39,ead27ef088f044569ad35eb9433c95f5,png-clipart-breakfast-sandwich-omelette-bacon-breakfast-cereal-nutritious-breakfast-egg-bread-food-recipe-thumbnail.png,egg,0.6494,large,1.0,117.0,619.5
2026-01-06T14:31:39,ead27ef088f044569ad35eb9433c95f5,png-clipart-breakfast-sandwich-omelette-bacon-breakfast-cereal-nutritious-breakfast-egg-bread-food-recipe-thumbnail.png,chicken,0.5769,large,0.60027,502.5,619.5
2026-01-06T14:32:12,50a09ddc776e43b1a12152e2e1c4267d,8401927_Easy-Chicken-and-Stuffing-Bake_Dotdash-Meredith-Food-Studios_4x3-82eb5336b5ef464dbb69bb9e6a15492c.jpg,,,,,,0.0
2026-01-06T14:32:20,f59438f5d2ee4336a448db2b844e1df0,8401927_Easy-Chicken-and-Stuffing-Bake_Dotdash-Meredith-Food-Studios_4x3-82eb5336b5ef464dbb69bb9e6a15492c.jpg,rice,0.3384,large,1.0,390.0,390.0
2026-01-06T14:34:18,9db2164767c849fab6e588987262a583,8401927_Easy-Chicken-and-Stuffing-Bake_Dotdash-Meredith-Food-Studios_4x3-82eb5336b5ef464dbb69bb9e6a15492c.jpg,,,,,,0.0
2026-01-06T14:34:21,f31ec8e62c5f4d0881c42c315add1c4c,8401927_Easy-Chicken-and-Stuffing-Bake_Dotdash-Meredith-Food-Studios_4x3-82eb5336b5ef464dbb69bb9e6a15492c.jpg,rice,0.3384,large,1.0,390.0,765.0
2026-01-06T14:34:21,f31ec8e62c5f4d0881c42c315add1c4c,8401927_Easy-Chicken-and-Stuffing-Bake_Dotdash-Meredith-Food-Studios_4x3-82eb5336b5ef464dbb69bb9e6a15492c.jpg,beef,0.2403,large,0.980478,375.0,765.0
2026-01-06T14:34:26,90a46962b6cf4f8faf4dd0e672e489ee,8401927_Easy-Chicken-and-Stuffing-Bake_Dotdash-Meredith-Food-Studios_4x3-82eb5336b5ef464dbb69bb9e6a15492c.jpg,,,,,,0.0
2026-01-06T14:37:30,387e66d0702749e39d4bf52dac1c86f4,png-clipart-breakfast-sandwich-omelette-bacon-breakfast-cereal-nutritious-breakfast-egg-bread-food-recipe-thumbnail.png,egg,0.6494,large,1.0,117.0,619.5
2026-01-06T14:37:30,387e66d0702749e39d4bf52dac1c86f4,png-clipart-breakfast-sandwich-omelette-bacon-breakfast-cereal-nutritious-breakfast-egg-bread-food-recipe-thumbnail.png,chicken,0.5769,large,0.60027,502.5,619.5
2026-01-06T14:38:28,913a01b6b6974670b2516af128173278,8401927_Easy-Chicken-and-Stuffing-Bake_Dotdash-Meredith-Food-Studios_4x3-82eb5336b5ef464dbb69bb9e6a15492c.jpg,rice,0.3384,large,1.0,390.0,765.0
2026-01-06T14:38:28,913a01b6b6974670b2516af128173278,8401927_Easy-Chicken-and-Stuffing-Bake_Dotdash-Meredith-Food-Studios_4x3-82eb5336b5ef464dbb69bb9e6a15492c.jpg,beef,0.2403,large,0.980478,375.0,765.0
2026-01-06T14:42:54,942c6bc7f5254b00a9174721235e8737,png-clipart-breakfast-sandwich-omelette-bacon-breakfast-cereal-nutritious-breakfast-egg-bread-food-recipe-thumbnail.png,egg,0.6494,large,1.0,117.0,619.5
2026-01-06T14:42:54,942c6bc7f5254b00a9174721235e8737,png-clipart-breakfast-sandwich-omelette-bacon-breakfast-cereal-nutritious-breakfast-egg-bread-food-recipe-thumbnail.png,chicken,0.5769,large,0.60027,502.5,619.5
2026-01-06T14:44:25,a370d93834bc412380c2f2a45e30a73a,images.webp,noodles,0.8995,large,1.0,330.0,379.5
2026-01-06T14:44:25,a370d93834bc412380c2f2a45e30a73a,images.webp,shrimp,0.7368,small,0.019211,49.5,379.5
2026-01-06T14:45:51,f5aecb6a5dba4240bba42d88c79e96a0,png-clipart-bread-with-egg-thumbnail.png,egg,0.8754,large,1.0,117.0,357.0
2026-01-06T14:45:51,f5aecb6a5dba4240bba42d88c79e96a0,png-clipart-bread-with-egg-thumbnail.png,bread,0.5205,large,0.32638,240.0,357.0
2026-01-06T14:46:20,a6ec9fd042d04a689a371449065df53b,png-clipart-egg-sausage-bacon-toasted-bread-and-lettuce-breakfast-food-ingredient-salad-frying-breakfast-food-recipe-thumbnail.png,bread,0.6497,large,1.0,240.0,742.5
2026-01-06T14:46:20,a6ec9fd042d04a689a371449065df53b,png-clipart-egg-sausage-bacon-toasted-bread-and-lettuce-breakfast-food-ingredient-salad-frying-breakfast-food-recipe-thumbnail.png,chicken,0.9514,large,0.398501,502.5,742.5
2026-01-06T14:46:32,f104ec9aab1e468c8bce4e26306e17bc,png-clipart-bread-with-egg-thumbnail.png,egg,0.8754,large,1.0,117.0,357.0
2026-01-06T14:46:32,f104ec9aab1e468c8bce4e26306e17bc,png-clipart-bread-with-egg-thumbnail.png,bread,0.5205,large,0.32638,240.0,357.0
2026-01-06T14:46:46,48efc412e6f142b89a77b6c208c6e44d,png-clipart-egg-sausage-bacon-toasted-bread-and-lettuce-breakfast-food-ingredient-salad-frying-breakfast-food-recipe-thumbnail.png,bread,0.6497,large,1.0,240.0,742.5
2026-01-06T14:46:46,48efc412e6f142b89a77b6c208c6e44d,png-clipart-egg-sausage-bacon-toasted-bread-and-lettuce-breakfast-food-ingredient-salad-frying-breakfast-food-recipe-thumbnail.png,chicken,0.9514,large,0.398501,502.5,742.5
2026-01-06T14:52:46,a13f867a21cb4b20b84e9f2dbd10138a,png-clipart-egg-sausage-bacon-toasted-bread-and-lettuce-breakfast-food-ingredient-salad-frying-breakfast-food-recipe-thumbnail.png,bread,0.6497,large,1.0,240.0,742.5
2026-01-06T14:52:46,a13f867a21cb4b20b84e9f2dbd10138a,png-clipart-egg-sausage-bacon-toasted-bread-and-lettuce-breakfast-food-ingredient-salad-frying-breakfast-food-recipe-thumbnail.png,chicken,0.9514,large,0.398501,502.5,742.5
2026-01-06T14:53:24,eca49b1e8f4d478eae9bdd60c4ed62d1,png-clipart-egg-sausage-bacon-toasted-bread-and-lettuce-breakfast-food-ingredient-salad-frying-breakfast-food-recipe-thumbnail.png,bread,0.6497,large,1.0,240.0,742.5
2026-01-06T14:53:24,eca49b1e8f4d478eae9bdd60c4ed62d1,png-clipart-egg-sausage-bacon-toasted-bread-and-lettuce-breakfast-food-ingredient-salad-frying-breakfast-food-recipe-thumbnail.png,chicken,0.9514,large,0.398501,502.5,742.5
2026-01-06T14:53:52,77d4bc4bf4c74c2fbc19a4d752a5c007,png-clipart-egg-sausage-bacon-toasted-bread-and-lettuce-breakfast-food-ingredient-salad-frying-breakfast-food-recipe-thumbnail.png,bread,0.6497,large,1.0,240.0,742.5
2026-01-06T14:53:52,77d4bc4bf4c74c2fbc19a4d752a5c007,png-clipart-egg-sausage-bacon-toasted-bread-and-lettuce-breakfast-food-ingredient-salad-frying-breakfast-food-recipe-thumbnail.png,chicken,0.9514,large,0.398501,502.5,742.5
2026-01-06T14:58:34,e8ebe33b33a04fd4bd8cec2deff6b3aa,png-clipart-egg-sausage-bacon-toasted-bread-and-lettuce-breakfast-food-ingredient-salad-frying-breakfast-food-recipe-thumbnail.png,bread,0.6497,large,1.0,240.0,742.5
2026-01-06T14:58:34,e8ebe33b33a04fd4bd8cec2deff6b3aa,png-clipart-egg-sausage-bacon-toasted-bread-and-lettuce-breakfast-food-ingredient-salad-frying-breakfast-food-recipe-thumbnail.png,chicken,0.9514,large,0.398501,502.5,742.5
2026-01-06T15:00:10,b8a95b18210a444487f7657bb5469a0b,png-clipart-egg-sausage-bacon-toasted-bread-and-lettuce-breakfast-food-ingredient-salad-frying-breakfast-food-recipe-thumbnail.png,bread,0.6497,large,1.0,240.0,742.5
2026-01-06T15:00:10,b8a95b18210a444487f7657bb5469a0b,png-clipart-egg-sausage-bacon-toasted-bread-and-lettuce-breakfast-food-ingredient-salad-frying-breakfast-food-recipe-thumbnail.png,chicken,0.9514,large,0.398501,502.5,742.5
2026-01-06T15:00:28,961ac646dac64039a794d74df590a717,png-clipart-egg-sausage-bacon-toasted-bread-and-lettuce-breakfast-food-ingredient-salad-frying-breakfast-food-recipe-thumbnail.png,bread,0.6497,large,1.0,240.0,742.5
2026-01-06T15:00:28,961ac646dac64039a794d74df590a717,png-clipart-egg-sausage-bacon-toasted-bread-and-lettuce-breakfast-food-ingredient-salad-frying-breakfast-food-recipe-thumbnail.png,chicken,0.9514,large,0.398501,502.5,742.5
2026-01-06T15:03:23,3f464d5769844db29f53cd9770dd7988,png-clipart-egg-sausage-bacon-toasted-bread-and-lettuce-breakfast-food-ingredient-salad-frying-breakfast-food-recipe-thumbnail.png,bread,0.6497,large,1.0,240.0,742.5
2026-01-06T15:03:23,3f464d5769844db29f53cd9770dd7988,png-clipart-egg-sausage-bacon-toasted-bread-and-lettuce-breakfast-food-ingredient-salad-frying-breakfast-food-recipe-thumbnail.png,chicken,0.9514,large,0.398501,502.5,742.5
2026-01-06T15:03:54,4ff19d735d2143d385889f0d9703b0ba,png-clipart-egg-sausage-bacon-toasted-bread-and-lettuce-breakfast-food-ingredient-salad-frying-breakfast-food-recipe-thumbnail.png,bread,0.6497,large,1.0,240.0,742.5
2026-01-06T15:03:54,4ff19d735d2143d385889f0d9703b0ba,png-clipart-egg-sausage-bacon-toasted-bread-and-lettuce-breakfast-food-ingredient-salad-frying-breakfast-food-recipe-thumbnail.png,chicken,0.9514,large,0.398501,502.5,742.5
2026-01-06T15:03:57,7657b12d3ffe47819aeda2c1f95c3a61,images.webp,noodles,0.8995,large,1.0,330.0,379.5
2026-01-06T15:03:57,7657b12d3ffe47819aeda2c1f95c3a61,images.webp,shrimp,0.7368,small,0.019211,49.5,379.5
2026-01-06T15:05:11,a549cfb8baf841608a10d570e2cc5c28,images.webp,noodles,0.8995,large,1.0,330.0,379.5
2026-01-06T15:05:11,a549cfb8baf841608a10d570e2cc5c28,images.webp,shrimp,0.7368,small,0.019211,49.5,379.5
2026-01-06T15:07:25,483427a56f474c9694b14425bb32b221,images.webp,noodles,0.8995,large,1.0,330.0,379.5
2026-01-06T15:07:25,483427a56f474c9694b14425bb32b221,images.webp,shrimp,0.7368,small,0.019211,49.5,379.5
2026-01-06T15:07:32,586a36579e344ecc821aa9bc4069771a,png-clipart-egg-sausage-bacon-toasted-bread-and-lettuce-breakfast-food-ingredient-salad-frying-breakfast-food-recipe-thumbnail.png,bread,0.6497,large,1.0,240.0,742.5
2026-01-06T15:07:32,586a36579e344ecc821aa9bc4069771a,png-clipart-egg-sausage-bacon-toasted-bread-and-lettuce-breakfast-food-ingredient-salad-frying-breakfast-food-recipe-thumbnail.png,chicken,0.9514,large,0.398501,502.5,742.5
2026-01-06T15:08:18,0f438c8f15594d39a0e4d975b70079bf,png-clipart-egg-sausage-bacon-toasted-bread-and-lettuce-breakfast-food-ingredient-salad-frying-breakfast-food-recipe-thumbnail.png,bread,0.6497,large,1.0,240.0,742.5
2026-01-06T15:08:18,0f438c8f15594d39a0e4d975b70079bf,png-clipart-egg-sausage-bacon-toasted-bread-and-lettuce-breakfast-food-ingredient-salad-frying-breakfast-food-recipe-thumbnail.png,chicken,0.9514,large,0.398501,502.5,742.5
2026-01-06T15:10:55,4723ab803ffa4807845ca7380f864e21,png-clipart-egg-sausage-bacon-toasted-bread-and-lettuce-breakfast-food-ingredient-salad-frying-breakfast-food-recipe-thumbnail.png,bread,0.6497,large,1.0,240.0,742.5
2026-01-06T15:10:55,4723ab803ffa4807845ca7380f864e21,png-clipart-egg-sausage-bacon-toasted-bread-and-lettuce-breakfast-food-ingredient-salad-frying-breakfast-food-recipe-thumbnail.png,chicken,0.9514,large,0.398501,502.5,742.5
2026-01-06T15:11:29,7e2eb337fc1647d7a409bb2b60eaca45,images.webp,noodles,0.8995,large,1.0,330.0,379.5
2026-01-06T15:11:29,7e2eb337fc1647d7a409bb2b60eaca45,images.webp,shrimp,0.7368,small,0.019211,49.5,379.5
2026-01-06T15:11:58,7cbb42d6b2b8466b835d0bc5a50cbb24,images.webp,noodles,0.8995,large,1.0,330.0,379.5
2026-01-06T15:11:58,7cbb42d6b2b8466b835d0bc5a50cbb24,images.webp,shrimp,0.7368,small,0.019211,49.5,379.5
2026-01-06T15:12:30,3300ac8d564d4990b9c92b8012f7017e,images.webp,noodles,0.8995,large,1.0,330.0,379.5
2026-01-06T15:12:30,3300ac8d564d4990b9c92b8012f7017e,images.webp,shrimp,0.7368,small,0.019211,49.5,379.5
2026-01-06T15:13:31,189fd8f6ad5446c6a6802bc2696a3b3e,images.webp,noodles,0.8995,large,1.0,330.0,379.5
2026-01-06T15:13:31,189fd8f6ad5446c6a6802bc2696a3b3e,images.webp,shrimp,0.7368,small,0.019211,49.5,379.5
2026-01-06T15:13:51,6a161432e2164fa8b7a0777f6fc069ba,png-clipart-egg-sausage-bacon-toasted-bread-and-lettuce-breakfast-food-ingredient-salad-frying-breakfast-food-recipe-thumbnail.png,bread,0.6497,large,1.0,240.0,742.5
2026-01-06T15:13:51,6a161432e2164fa8b7a0777f6fc069ba,png-clipart-egg-sausage-bacon-toasted-bread-and-lettuce-breakfast-food-ingredient-salad-frying-breakfast-food-recipe-thumbnail.png,chicken,0.9514,large,0.398501,502.5,742.5
2026-01-06T15:13:59,266c0aa0510742b2a9fa519198412d10,images.webp,noodles,0.8995,large,1.0,330.0,379.5
2026-01-06T15:13:59,266c0aa0510742b2a9fa519198412d10,images.webp,shrimp,0.7368,small,0.019211,49.5,379.5
2026-01-06T15:14:12,260f8b2c516a4c0982ed1c0360279ca4,images.webp,noodles,0.8995,large,1.0,330.0,379.5
2026-01-06T15:14:12,260f8b2c516a4c0982ed1c0360279ca4,images.webp,shrimp,0.7368,small,0.019211,49.5,379.5
2026-01-06T15:15:39,297230849c824ceb86c9487b83220dbc,png-clipart-egg-sausage-bacon-toasted-bread-and-lettuce-breakfast-food-ingredient-salad-frying-breakfast-food-recipe-thumbnail.png,bread,0.6497,large,1.0,240.0,742.5
2026-01-06T15:15:39,297230849c824ceb86c9487b83220dbc,png-clipart-egg-sausage-bacon-toasted-bread-and-lettuce-breakfast-food-ingredient-salad-frying-breakfast-food-recipe-thumbnail.png,chicken,0.9514,large,0.398501,502.5,742.5
2026-01-06T15:16:00,4d1a03358ce9429387a3b574ccee6cd0,png-clipart-egg-sausage-bacon-toasted-bread-and-lettuce-breakfast-food-ingredient-salad-frying-breakfast-food-recipe-thumbnail.png,bread,0.6497,large,1.0,240.0,742.5
2026-01-06T15:16:00,4d1a03358ce9429387a3b574ccee6cd0,png-clipart-egg-sausage-bacon-toasted-bread-and-lettuce-breakfast-food-ingredient-salad-frying-breakfast-food-recipe-thumbnail.png,chicken,0.9514,large,0.398501,502.5,742.5
2026-01-06T15:16:32,3e6b5e1cbfa84c54b0af1630a5e1436e,png-clipart-egg-sausage-bacon-toasted-bread-and-lettuce-breakfast-food-ingredient-salad-frying-breakfast-food-recipe-thumbnail.png,bread,0.6497,large,1.0,240.0,742.5
2026-01-06T15:16:32,3e6b5e1cbfa84c54b0af1630a5e1436e,png-clipart-egg-sausage-bacon-toasted-bread-and-lettuce-breakfast-food-ingredient-salad-frying-breakfast-food-recipe-thumbnail.png,chicken,0.9514,large,0.398501,502.5,742.5
2026-01-06T15:16:50,0b09cd90e98143758534c61877eeff88,images.webp,noodles,0.8995,large,1.0,330.0,379.5
2026-01-06T15:16:50,0b09cd90e98143758534c61877eeff88,images.webp,shrimp,0.7368,small,0.019211,49.5,379.5
2026-01-06T15:17:01,a054524d7ac84edbbe07f73b4a27688a,png-clipart-egg-sausage-bacon-toasted-bread-and-lettuce-breakfast-food-ingredient-salad-frying-breakfast-food-recipe-thumbnail.png,bread,0.6497,large,1.0,240.0,742.5
2026-01-06T15:17:01,a054524d7ac84edbbe07f73b4a27688a,png-clipart-egg-sausage-bacon-toasted-bread-and-lettuce-breakfast-food-ingredient-salad-frying-breakfast-food-recipe-thumbnail.png,chicken,0.9514,large,0.398501,502.5,742.5
2026-01-06T15:18:27,207afac7e7254fd6b98d3e0d120db6e5,png-clipart-bread-with-egg-thumbnail.png,egg,0.8754,large,1.0,117.0,357.0
2026-01-06T15:18:27,207afac7e7254fd6b98d3e0d120db6e5,png-clipart-bread-with-egg-thumbnail.png,bread,0.5205,large,0.32638,240.0,357.0
